<?xml version="1.0"?>
<doc>
    <assembly>
        <name>Hahn.ApplicatonProcess.December2020.Web</name>
    </assembly>
    <members>
        <member name="M:Hahn.ApplicatonProcess.December2020.Web.Controllers.ApplicantController.Get">
            <summary>
            Gets the list of applicants
            </summary>
            <returns>The list of Applicants.</returns>
        </member>
        <member name="M:Hahn.ApplicatonProcess.December2020.Web.Controllers.ApplicantController.Get(System.Int32)">
            <summary>
            Gets the applicants object
            </summary> 
            <param name="id" example="1">The product id</param>
            <returns>The Applicant object.</returns>
        </member>
        <member name="M:Hahn.ApplicatonProcess.December2020.Web.Controllers.ApplicantController.Post(Hahn.ApplicatonProcess.December2020.Data.Models.Applicant)">
             <summary>
             Add a new applicant 
             </summary> 
             <remarks>
             Sample request:
            
                 POST /Applicant
                 {
                    "name": "Aqeel",
                    "familyName": "Baloch",
                    "address": "Abu Dhabi City, UAE",
                    "countryOfOrigin": "Pakistan",
                    "eMailAddress": "linktoaqeel@gmail.com",
                    "age": 30,
                    "hired": true
                 }
            
             </remarks>
             <param name="applicant"></param>
             <returns>A newly created applicant</returns>
             <response code="201">Returns the newly created object</response>
             <response code="400">If the item is null</response>
        </member>
        <member name="M:Hahn.ApplicatonProcess.December2020.Web.Controllers.ApplicantController.Put(System.Int32,Hahn.ApplicatonProcess.December2020.Data.Models.Applicant)">
             <summary>
             Update the applicant properties
             </summary>
             <remarks>
             Sample request:
            
                 POST /Applicant
                 {
                    "name": "Aqeel",
                    "familyName": "Baloch",
                    "address": "Abu Dhabi City, UAE",
                    "countryOfOrigin": "Pakistan",
                    "eMailAddress": "linktoaqeel@gmail.com",
                    "age": 30,
                    "hired": true
                 }
            
             </remarks>
             <param name="id"></param>
             <param name="applicant"></param>
             <returns>A newly created applicant</returns>
             <response code="201">Returns the newly created object</response>
             <response code="400">If the item is null</response>
        </member>
        <member name="M:Hahn.ApplicatonProcess.December2020.Web.Controllers.ApplicantController.Delete(System.Int32)">
            <summary>
            Delete the applicant object
            </summary> 
            <param name="id" example="1">The applicant id</param> 
        </member>
    </members>
</doc>
